Park or Site,Initial Date of Circulation,Year Released
Hot Springs National Park,April 19,2010
Yellowstone National Park,June 1,2010
Yosemite National Park,July 26,2010
Grand Canyon National Park,September 20,2010
Mount Hood National Forest,November 15,2010
Gettysburg National Military Park,January 24,2011
Glacier National Park,April 4,2011
Olympic National Park,June 13,2011
Vicksburg National Military Park,August 29,2011
Chickasaw National Recreation Area,November 14,2011
El Yunque National Forest,January 23,2012
Chaco Culture National Historical Park,April 2,2012
Acadia National Park,June 11,2012
Hawai‘i Volcanoes National Park,August 27,2012
Denali National Park & Preserve,November 5,2012
White Mountain National Forest,January 28,2013
Perry’s Victory and International Peace Memorial,April 1,2013
Great Basin National Park,June 10,2013
Fort McHenry National Monument & Historic Shrine,August 26,2013
Mount Rushmore National Memorial,November 4,2013
Great Smoky Mountains National Park,January 27,2014
Shenandoah National Park,March 31,2014
Arches National Park,June 9,2014
Great Sand Dunes National Park & Preserve,August 25,2014
Everglades National Park,November 3,2014
Homestead National Historical Park,February 9,2015
Kisatchie National Forest,April 13,2015
Blue Ridge Parkway,June 8,2015
Bombay Hook National Wildlife Refuge,September 14,2015
Saratoga National Historical Park,November 16,2015
Shawnee National Forest,February 1,2016
Cumberland Gap National Historical Park,April 4,2016
Harpers Ferry National Historical Park,June 6,2016
Theodore Roosevelt National Park,August 29,2016
Fort Moultrie (Fort Sumter National Monument),November 14,2016
Effigy Mounds National Monument,February 6,2017
Frederick Douglass National Historic Site,April 3,2017
Ozark National Scenic Riverways,June 5,2017
Ellis Island (Statue of Liberty National Monument),August 28,2017
George Rogers Clark National Historical Park,November 13,2017
Pictured Rocks National Lakeshore,February 5,2018
Apostle Islands National Lakeshore,April 9,2018
Voyageurs National Park,June 11,2018
Cumberland Island National Seashore,August 27,2018
Block Island National Wildlife Refuge,November 13,2018
Lowell National Historical Park,February 4,2019
American Memorial Park,April 1,2019
War in the Pacific National Historical Park,June 3,2019
San Antonio Missions National Historical Park,August 20,2019
Frank Church–River of No Return Wilderness,October 29,2019
National Park of American Samoa,February 3,2020
Weir Farm National Historical Site,April 6,2020
Salt River Bay National Historical Park & Ecological Reserve,June 1,2020
Marsh-Billings-Rockefeller National Historical Park,August 31,2020
Tallgrass Prairie National Preserve,November 16,2020
Tuskegee Airmen National Historic Site,January 4,2021